Date;Open;High;Low;Close;Volume
2025.01.02 01:00;2624.48;2625.06;2624.41;2624.83;49
2025.01.02 01:01;2624.86;2624.99;2624.78;2624.84;56
2025.01.02 01:02;2624.84;2625.14;2624.56;2624.81;69
2025.01.02 01:03;2624.76;2624.87;2624.46;2624.6;79
2025.01.02 01:04;2624.56;2625.16;2624.56;2625.06;36
2025.01.02 01:05;2625.19;2625.19;2624.61;2624.66;15
2025.01.02 01:06;2624.67;2625.22;2624.67;2624.86;19
2025.01.02 01:07;2624.86;2625.05;2624.62;2624.67;20
2025.01.02 01:08;2624.67;2625.23;2624.67;2625.03;14
2025.01.02 01:09;2625.04;2625.29;2624.07;2625.02;39
2025.01.02 01:10;2625.03;2625.03;2624.47;2624.68;22
2025.01.02 01:11;2624.63;2624.65;2624.14;2624.41;29
2025.01.02 01:12;2624.26;2624.58;2624.26;2624.4;15
2025.01.02 01:13;2624.41;2624.61;2624.01;2624.55;38
2025.01.02 01:14;2624.59;2624.75;2624.42;2624.68;28
2025.01.02 01:15;2624.69;2624.92;2624.55;2624.75;47
2025.01.02 01:16;2624.83;2624.87;2624.32;2624.67;19
2025.01.02 01:17;2624.68;2624.88;2624.28;2624.87;47
2025.01.02 01:18;2624.81;2624.83;2624.35;2624.71;37
2025.01.02 01:19;2624.68;2624.69;2624.27;2624.37;42
2025.01.02 01:20;2624.41;2624.41;2623.95;2624.1;39
2025.01.02 01:21;2624.07;2624.13;2623.51;2624.11;34
2025.01.02 01:22;2624.13;2624.21;2623.71;2623.79;20
2025.01.02 01:23;2623.9;2624.01;2623.59;2623.89;22
2025.01.02 01:24;2623.66;2623.89;2623.52;2623.79;23
2025.01.02 01:25;2623.79;2623.79;2623.64;2623.74;17
2025.01.02 01:26;2623.79;2624.09;2623.76;2623.76;20
2025.01.02 01:27;2623.88;2624.01;2623.78;2624.01;9
2025.01.02 01:28;2624.04;2624.16;2623.99;2624.01;10
2025.01.02 01:29;2624.01;2624.17;2623.61;2623.74;19
2025.01.02 01:30;2623.71;2623.93;2623.65;2623.7;27
2025.01.02 01:31;2623.82;2623.87;2623.62;2623.76;16
2025.01.02 01:32;2623.71;2623.71;2623.18;2623.44;21
2025.01.02 01:33;2623.42;2623.5;2623.23;2623.5;19
2025.01.02 01:34;2623.49;2623.49;2623.14;2623.2;22
2025.01.02 01:35;2623.26;2623.44;2623.24;2623.29;14
2025.01.02 01:36;2623.2;2623.45;2623.04;2623.45;11
2025.01.02 01:37;2623.43;2623.79;2623.41;2623.59;18
2025.01.02 01:38;2623.33;2623.65;2623.14;2623.3;24
2025.01.02 01:39;2623.35;2623.43;2622.7;2622.85;14
2025.01.02 01:40;2622.85;2622.85;2622.07;2622.54;30
2025.01.02 01:41;2622.54;2622.79;2622.45;2622.45;24
2025.01.02 01:42;2622.54;2622.74;2622.25;2622.44;21
2025.01.02 01:43;2622.44;2622.55;2622.29;2622.49;9
2025.01.02 01:44;2622.29;2622.44;2621.56;2621.56;14
2025.01.02 01:45;2621.84;2622.08;2621.48;2622.02;34
2025.01.02 01:46;2622.08;2622.54;2622;2622.52;27
2025.01.02 01:47;2622.16;2622.58;2621.93;2621.93;13
2025.01.02 01:48;2622.13;2623.21;2622.13;2623.19;28
2025.01.02 01:49;2623.18;2623.26;2622.89;2623.1;25
2025.01.02 01:50;2623.09;2623.31;2623.09;2623.27;26
2025.01.02 01:51;2623.27;2623.47;2623.24;2623.36;20
2025.01.02 01:52;2623.38;2624.01;2623.38;2623.98;31
2025.01.02 01:53;2624.02;2624.03;2623.55;2623.75;16
2025.01.02 01:54;2623.74;2623.87;2623.39;2623.7;17
2025.01.02 01:55;2623.7;2624;2623.69;2623.94;14
2025.01.02 01:56;2623.95;2624.22;2623.93;2624.22;18
2025.01.02 01:57;2624.27;2624.27;2623.98;2624.1;18
2025.01.02 01:58;2624.11;2624.33;2624.11;2624.19;18
2025.01.02 01:59;2624.19;2624.21;2623.5;2623.74;28
2025.01.02 02:00;2623.78;2624.13;2622.82;2623.03;65
2025.01.02 02:01;2623.08;2623.59;2623.07;2623.23;36
2025.01.02 02:02;2623.32;2623.82;2623.08;2623.2;26
2025.01.02 02:03;2623.21;2623.7;2623.17;2623.57;25
2025.01.02 02:04;2623.57;2623.75;2622.97;2622.97;29
2025.01.02 02:05;2623.08;2624.16;2622.94;2624.16;34
2025.01.02 02:06;2624.18;2624.27;2624.02;2624.14;19
2025.01.02 02:07;2624.13;2624.24;2624.08;2624.21;22
2025.01.02 02:08;2624.04;2624.53;2624.04;2624.53;8
2025.01.02 02:09;2624.53;2625.61;2624.53;2625.61;39
2025.01.02 02:10;2625.61;2625.75;2625.45;2625.48;44
2025.01.02 02:11;2625.47;2625.72;2625.23;2625.55;51
2025.01.02 02:12;2625.55;2626.17;2625.54;2626.05;62
2025.01.02 02:13;2625.99;2626.2;2625.85;2625.85;31
2025.01.02 02:14;2625.83;2625.94;2625.75;2625.77;27
2025.01.02 02:15;2625.77;2625.79;2625.26;2625.31;51
2025.01.02 02:16;2625.31;2625.46;2625.28;2625.29;41
2025.01.02 02:17;2625.37;2625.65;2625.28;2625.65;37
2025.01.02 02:18;2625.63;2625.74;2625.45;2625.72;43
2025.01.02 02:19;2625.75;2625.76;2625.28;2625.7;42
2025.01.02 02:20;2625.65;2625.94;2625.61;2625.93;40
2025.01.02 02:21;2625.94;2625.95;2625.58;2625.68;38
2025.01.02 02:22;2625.68;2626.31;2625.57;2626.31;50
2025.01.02 02:23;2626.31;2626.39;2626.1;2626.39;39
2025.01.02 02:24;2626.39;2626.49;2626.24;2626.24;38
2025.01.02 02:25;2626.24;2626.28;2626.15;2626.24;32
2025.01.02 02:26;2626.25;2626.31;2625.78;2625.82;44
2025.01.02 02:27;2625.81;2626.12;2625.81;2626.12;30
2025.01.02 02:28;2626.12;2626.32;2626.05;2626.26;44
2025.01.02 02:29;2626.35;2626.44;2626.27;2626.4;31
2025.01.02 02:30;2626.38;2626.38;2626.11;2626.23;52
2025.01.02 02:31;2626.22;2626.22;2625.94;2626.01;46
2025.01.02 02:32;2626.03;2626.42;2626.02;2626.42;34
2025.01.02 02:33;2626.39;2626.39;2625.45;2625.9;66
2025.01.02 02:34;2625.9;2625.97;2625.73;2625.76;39
2025.01.02 02:35;2625.75;2625.91;2625.65;2625.91;27
2025.01.02 02:36;2625.9;2626.07;2625.9;2625.95;41
2025.01.02 02:37;2625.95;2626.22;2625.84;2626.13;41
2025.01.02 02:38;2626.13;2626.45;2626.13;2626.37;45
2025.01.02 02:39;2626.23;2626.42;2626.04;2626.32;47
2025.01.02 02:40;2626.48;2626.48;2626.13;2626.18;29
2025.01.02 02:41;2626.18;2626.31;2626.17;2626.23;10
2025.01.02 02:42;2626.31;2626.8;2626.23;2626.72;34
2025.01.02 02:43;2626.76;2627.3;2626.76;2627.28;44
2025.01.02 02:44;2627.3;2627.57;2626.84;2626.84;60
2025.01.02 02:45;2626.87;2627.05;2626.84;2627;55
2025.01.02 02:46;2627.02;2627.33;2627.01;2627.25;49
2025.01.02 02:47;2627.23;2627.8;2627.23;2627.54;45
2025.01.02 02:48;2627.54;2627.74;2627.5;2627.55;48
2025.01.02 02:49;2627.52;2627.6;2626.94;2626.94;43
2025.01.02 02:50;2626.92;2627.43;2626.87;2627.29;40
2025.01.02 02:51;2627.31;2627.31;2626.78;2626.79;42
2025.01.02 02:52;2626.79;2627.04;2626.59;2627.04;57
2025.01.02 02:53;2627;2627.1;2626.84;2627.06;45
2025.01.02 02:54;2627.06;2627.08;2626.65;2626.75;53
2025.01.02 02:55;2626.75;2626.96;2626.64;2626.72;62
2025.01.02 02:56;2626.71;2626.76;2626.21;2626.33;67
2025.01.02 02:57;2626.3;2626.41;2626.11;2626.12;50
2025.01.02 02:58;2626.03;2626.13;2625.89;2626.04;52
2025.01.02 02:59;2626.07;2626.31;2625.3;2625.33;85
2025.01.02 03:00;2625.35;2625.35;2624.29;2624.29;111
2025.01.02 03:01;2624.25;2625.59;2623.8;2624.7;109
2025.01.02 03:02;2624.7;2625.11;2624.45;2624.72;101
2025.01.02 03:03;2624.72;2626.13;2624.66;2625.99;105
2025.01.02 03:04;2626.13;2627.29;2625.68;2627.29;101
2025.01.02 03:05;2627.34;2628.35;2627.25;2627.93;107
2025.01.02 03:06;2627.95;2630.51;2627.95;2629.78;105
2025.01.02 03:07;2629.74;2630.36;2629.44;2629.44;79
2025.01.02 03:08;2629.38;2629.53;2628.33;2628.95;81
2025.01.02 03:09;2628.96;2629.75;2628.68;2629.58;96
2025.01.02 03:10;2629.57;2630.63;2629.56;2630.48;74
2025.01.02 03:11;2630.52;2630.88;2630.05;2630.28;71
2025.01.02 03:12;2630.27;2630.87;2629.71;2629.87;65
2025.01.02 03:13;2629.81;2630.3;2629.66;2629.99;70
2025.01.02 03:14;2629.95;2630.34;2629.38;2629.59;79
2025.01.02 03:15;2629.4;2630.23;2629.33;2629.72;94
2025.01.02 03:16;2629.76;2630.55;2629.58;2630.38;81
2025.01.02 03:17;2630.46;2631.27;2630.41;2630.93;67
2025.01.02 03:18;2630.92;2631.96;2630.78;2631.61;71
2025.01.02 03:19;2631.62;2631.99;2631.27;2631.45;78
2025.01.02 03:20;2631.44;2631.45;2630.71;2631.08;62
2025.01.02 03:21;2631.1;2631.42;2630.26;2630.32;74
2025.01.02 03:22;2630.29;2631.1;2629.8;2630.94;78
2025.01.02 03:23;2630.95;2631.42;2630.81;2631.31;62
2025.01.02 03:24;2631.33;2631.69;2631.02;2631.45;76
2025.01.02 03:25;2631.42;2631.56;2630.68;2631.29;73
2025.01.02 03:26;2631.21;2631.59;2630.46;2631.45;71
2025.01.02 03:27;2631.45;2632.08;2631.05;2631.98;74
2025.01.02 03:28;2632;2632.86;2632;2632.76;61
2025.01.02 03:29;2632.79;2633.01;2632.35;2632.59;58
2025.01.02 03:30;2632.55;2633.88;2632.55;2633.88;77
2025.01.02 03:31;2633.85;2633.85;2633.37;2633.42;76
2025.01.02 03:32;2633.43;2634.17;2633.37;2633.63;76
2025.01.02 03:33;2633.63;2633.92;2632.89;2633.67;57
2025.01.02 03:34;2633.77;2634.12;2633.53;2634.03;54
2025.01.02 03:35;2634.08;2634.29;2633.19;2634.04;58
2025.01.02 03:36;2634.04;2634.35;2633.34;2633.59;45
2025.01.02 03:37;2633.59;2633.74;2632.45;2633.09;60
2025.01.02 03:38;2633.05;2633.62;2632.82;2633.62;55
2025.01.02 03:39;2633.61;2633.89;2632.65;2633.07;65
2025.01.02 03:40;2633.1;2633.52;2633.03;2633.1;61
2025.01.02 03:41;2633.1;2633.31;2632.68;2632.68;56
2025.01.02 03:42;2632.32;2633.12;2632.26;2633.12;68
2025.01.02 03:43;2633.13;2633.67;2632.98;2633.67;42
2025.01.02 03:44;2633.57;2633.87;2633.33;2633.43;47
2025.01.02 03:45;2633.12;2633.48;2632.86;2633.02;61
2025.01.02 03:46;2633.02;2633.27;2632.53;2632.87;70
2025.01.02 03:47;2632.91;2633.09;2631.72;2631.85;58
2025.01.02 03:48;2631.93;2632.37;2631.75;2632.3;86
2025.01.02 03:49;2632.35;2632.59;2632.06;2632.2;80
2025.01.02 03:50;2632.19;2632.58;2631.62;2632.46;90
2025.01.02 03:51;2632.5;2632.84;2632.11;2632.49;85
2025.01.02 03:52;2632.51;2632.51;2631.8;2632.19;90
2025.01.02 03:53;2632.18;2632.33;2631.7;2632.23;86
2025.01.02 03:54;2632.2;2632.55;2632.2;2632.48;67
2025.01.02 03:55;2632.36;2632.69;2632.1;2632.69;73
2025.01.02 03:56;2632.64;2633.09;2632.44;2633.07;64
2025.01.02 03:57;2633.09;2633.35;2632.62;2633.1;77
2025.01.02 03:58;2633.1;2633.23;2632.47;2632.56;78
2025.01.02 03:59;2632.53;2633.02;2632.28;2632.9;76
2025.01.02 04:00;2632.92;2634.14;2632.58;2634.13;63
2025.01.02 04:01;2634.19;2634.7;2633.99;2634.7;67
2025.01.02 04:02;2634.58;2634.71;2633.93;2634.02;69
2025.01.02 04:03;2634.13;2634.13;2633.02;2633.05;68
2025.01.02 04:04;2633.06;2633.68;2633.03;2633.66;65
2025.01.02 04:05;2633.89;2633.95;2633.51;2633.56;62
2025.01.02 04:06;2633.53;2633.89;2633.31;2633.87;71
2025.01.02 04:07;2633.87;2633.99;2633.58;2633.65;76
2025.01.02 04:08;2633.65;2634.38;2633.51;2634.37;64
2025.01.02 04:09;2634.38;2634.52;2634.06;2634.24;53
2025.01.02 04:10;2634.34;2634.69;2633.9;2633.9;52
2025.01.02 04:11;2633.91;2634.11;2633.43;2634.03;67
2025.01.02 04:12;2633.98;2634.31;2633.95;2634.1;42
2025.01.02 04:13;2634.08;2634.43;2634.08;2634.38;54
2025.01.02 04:14;2634.31;2634.66;2634.22;2634.54;54
2025.01.02 04:15;2634.59;2634.59;2634.11;2634.42;41
2025.01.02 04:16;2634.39;2634.49;2633.96;2634.03;40
2025.01.02 04:17;2634.02;2634.43;2633.94;2634.34;42
2025.01.02 04:18;2634.34;2634.37;2634.19;2634.36;33
2025.01.02 04:19;2634.35;2634.41;2633.92;2634.19;62
2025.01.02 04:20;2634.16;2634.78;2633.97;2634.67;47
2025.01.02 04:21;2634.68;2635.12;2634.57;2635.07;35
2025.01.02 04:22;2635.02;2635.78;2634.72;2635.78;38
2025.01.02 04:23;2635.78;2636.37;2635.55;2635.67;51
2025.01.02 04:24;2635.64;2636.09;2635.63;2635.79;49
2025.01.02 04:25;2635.79;2635.8;2634.98;2634.98;41
2025.01.02 04:26;2634.99;2635.15;2634.66;2634.66;46
2025.01.02 04:27;2634.67;2635.33;2634.63;2635.21;53
2025.01.02 04:28;2635.24;2635.47;2635.04;2635.43;38
2025.01.02 04:29;2635.44;2635.74;2635.27;2635.63;42
2025.01.02 04:30;2635.7;2635.7;2634.33;2634.34;91
2025.01.02 04:31;2634.36;2634.77;2634.23;2634.26;78
2025.01.02 04:32;2634.24;2634.92;2634.18;2634.84;69
2025.01.02 04:33;2634.89;2634.91;2634.38;2634.51;62
2025.01.02 04:34;2634.56;2635.23;2634.38;2635.23;62
2025.01.02 04:35;2635.26;2635.26;2634.81;2635.16;58
2025.01.02 04:36;2635.1;2635.17;2634.71;2634.84;49
2025.01.02 04:37;2634.85;2634.93;2634.21;2634.52;48
2025.01.02 04:38;2634.52;2634.54;2634.11;2634.46;48
2025.01.02 04:39;2634.48;2635.76;2634.48;2635.47;67
2025.01.02 04:40;2635.39;2635.39;2634.63;2635.32;67
2025.01.02 04:41;2635.35;2635.35;2634.52;2634.61;77
2025.01.02 04:42;2634.6;2634.6;2633.36;2633.36;70
2025.01.02 04:43;2633.33;2633.33;2632.63;2633.19;83
2025.01.02 04:44;2633.04;2633.52;2632.86;2633.39;78
2025.01.02 04:45;2633.4;2633.58;2632.78;2633.34;84
2025.01.02 04:46;2633.36;2633.54;2632.97;2633.02;64
2025.01.02 04:47;2633.01;2633.01;2632.55;2632.57;64
2025.01.02 04:48;2632.55;2632.81;2632.31;2632.8;65
2025.01.02 04:49;2632.82;2633.02;2632.82;2632.9;52
2025.01.02 04:50;2632.9;2633.68;2632.61;2633.68;57
2025.01.02 04:51;2633.76;2633.76;2633.42;2633.53;50
2025.01.02 04:52;2633.59;2633.8;2633.55;2633.7;46
2025.01.02 04:53;2633.72;2634.14;2633.6;2634.14;62
2025.01.02 04:54;2634.15;2634.3;2633.91;2633.98;52
2025.01.02 04:55;2633.98;2634.26;2633.98;2634.04;51
2025.01.02 04:56;2634.03;2634.04;2633.8;2634.03;44
2025.01.02 04:57;2634.11;2634.35;2633.94;2634.32;55
2025.01.02 04:58;2634.33;2635.1;2634.29;2635.1;57
2025.01.02 04:59;2635.11;2635.32;2634.7;2634.72;59
2025.01.02 05:00;2634.7;2635.06;2634.61;2634.68;48
2025.01.02 05:01;2634.64;2635.32;2634.59;2635.27;58
2025.01.02 05:02;2635.27;2635.28;2634.41;2634.41;57
2025.01.02 05:03;2634.4;2634.45;2634.07;2634.17;54
2025.01.02 05:04;2634.18;2634.2;2633.89;2634.14;78
2025.01.02 05:05;2634.1;2634.19;2633.56;2633.58;60
2025.01.02 05:06;2633.58;2634.12;2633.48;2633.87;68
2025.01.02 05:07;2633.8;2634.23;2633.77;2634.07;64
2025.01.02 05:08;2634.17;2634.19;2633.69;2633.79;68
2025.01.02 05:09;2633.8;2633.91;2633.69;2633.74;60
2025.01.02 05:10;2633.73;2633.79;2633.45;2633.73;73
2025.01.02 05:11;2633.72;2633.72;2633.06;2633.2;72
2025.01.02 05:12;2633.21;2633.41;2633.1;2633.2;70
2025.01.02 05:13;2633.21;2633.49;2633.21;2633.27;64
2025.01.02 05:14;2633.32;2633.37;2633.06;2633.12;65
2025.01.02 05:15;2633.11;2633.58;2632.99;2633.58;69
2025.01.02 05:16;2633.61;2633.97;2633.57;2633.74;57
2025.01.02 05:17;2633.64;2634.05;2633.64;2633.67;60
2025.01.02 05:18;2633.69;2633.7;2633.11;2633.13;65
2025.01.02 05:19;2633.11;2633.76;2633.01;2633.51;67
2025.01.02 05:20;2633.52;2633.69;2633.35;2633.36;59
2025.01.02 05:21;2633.3;2633.64;2633.14;2633.63;62
2025.01.02 05:22;2633.62;2634.05;2633.6;2633.91;50
2025.01.02 05:23;2633.91;2634.46;2633.91;2634.36;54
2025.01.02 05:24;2634.34;2634.72;2634.09;2634.15;68
2025.01.02 05:25;2634.22;2634.31;2634.05;2634.22;64
2025.01.02 05:26;2634.22;2634.29;2634.02;2634.11;67
2025.01.02 05:27;2634.13;2634.21;2633.49;2633.57;54
2025.01.02 05:28;2633.62;2633.77;2633.47;2633.59;67
2025.01.02 05:29;2633.58;2633.62;2633.26;2633.37;59
2025.01.02 05:30;2633.35;2633.44;2633.16;2633.17;50
2025.01.02 05:31;2633.23;2633.36;2633.12;2633.21;42
2025.01.02 05:32;2633.21;2633.47;2633.16;2633.46;39
2025.01.02 05:33;2633.45;2633.68;2633.33;2633.67;51
2025.01.02 05:34;2633.8;2634.14;2633.8;2633.85;56
2025.01.02 05:35;2633.85;2633.85;2633.61;2633.61;49
2025.01.02 05:36;2633.61;2633.62;2633.2;2633.2;34
2025.01.02 05:37;2633.2;2633.25;2632.67;2632.74;63
2025.01.02 05:38;2632.76;2632.82;2632.42;2632.43;61
2025.01.02 05:39;2632.45;2632.48;2632.36;2632.38;60
2025.01.02 05:40;2632.38;2632.8;2632.35;2632.4;45
2025.01.02 05:41;2632.37;2633.06;2632.37;2632.92;44
2025.01.02 05:42;2632.92;2633.03;2632.45;2632.46;36
2025.01.02 05:43;2632.4;2633.34;2632.3;2633.23;51
2025.01.02 05:44;2633.24;2633.43;2633.19;2633.43;44
2025.01.02 05:45;2633.43;2633.7;2633.38;2633.69;36
2025.01.02 05:46;2633.73;2633.84;2633.34;2633.47;62
2025.01.02 05:47;2633.44;2633.64;2633.38;2633.44;59
2025.01.02 05:48;2633.46;2633.47;2633.34;2633.35;40
2025.01.02 05:49;2633.35;2633.35;2633.09;2633.25;46
2025.01.02 05:50;2633.22;2633.24;2632.74;2632.79;36
2025.01.02 05:51;2632.85;2633.14;2632.79;2633.12;37
2025.01.02 05:52;2633.1;2633.1;2632.89;2632.91;39
2025.01.02 05:53;2633.01;2633.1;2632.85;2632.88;36
2025.01.02 05:54;2632.88;2632.92;2632.72;2632.76;35
2025.01.02 05:55;2632.75;2632.98;2632.75;2632.86;31
2025.01.02 05:56;2632.88;2632.96;2632.85;2632.96;19
2025.01.02 05:57;2632.96;2632.96;2632.68;2632.84;24
2025.01.02 05:58;2632.83;2633.13;2632.83;2633.13;16
2025.01.02 05:59;2633.17;2633.71;2633.17;2633.66;49
2025.01.02 06:00;2633.68;2633.71;2633.38;2633.38;29
2025.01.02 06:01;2633.38;2633.44;2633.05;2633.05;35
2025.01.02 06:02;2633.06;2633.19;2632.84;2632.84;39
2025.01.02 06:03;2632.82;2632.82;2632.42;2632.57;41
2025.01.02 06:04;2632.53;2633.11;2632.49;2633.05;36
2025.01.02 06:05;2633.05;2633.06;2632.59;2632.61;25
2025.01.02 06:06;2632.63;2632.64;2632.19;2632.55;47
2025.01.02 06:07;2632.56;2632.62;2632.17;2632.17;29
2025.01.02 06:08;2632.11;2632.92;2632.11;2632.82;38
2025.01.02 06:09;2632.79;2632.92;2632.73;2632.79;25
2025.01.02 06:10;2632.81;2632.95;2632.78;2632.94;21
2025.01.02 06:11;2632.95;2632.99;2632.77;2632.94;20
2025.01.02 06:12;2632.95;2632.95;2632.63;2632.75;28
2025.01.02 06:13;2632.87;2633.12;2632.87;2633.11;33
2025.01.02 06:14;2633.12;2633.29;2632.38;2632.38;36
2025.01.02 06:15;2632.55;2632.8;2632.44;2632.7;26
2025.01.02 06:16;2632.68;2632.68;2632.48;2632.56;19
2025.01.02 06:17;2632.56;2632.83;2632.39;2632.82;22
2025.01.02 06:18;2632.83;2633.02;2632.78;2632.79;25
2025.01.02 06:19;2632.79;2632.82;2632.55;2632.63;22
2025.01.02 06:20;2632.65;2632.7;2632.59;2632.59;14
2025.01.02 06:21;2632.64;2632.64;2632.24;2632.24;21
2025.01.02 06:22;2632.25;2632.71;2632.16;2632.69;30
2025.01.02 06:23;2632.72;2633;2632.71;2632.89;22
2025.01.02 06:24;2632.89;2632.97;2632.18;2632.52;40
2025.01.02 06:25;2632.54;2633.21;2632.52;2632.99;47
2025.01.02 06:26;2632.93;2633.08;2632.86;2633;36
2025.01.02 06:27;2632.99;2633.02;2632.57;2632.83;38
2025.01.02 06:28;2632.82;2632.92;2632.62;2632.71;31
2025.01.02 06:29;2632.7;2632.73;2632.38;2632.48;29
2025.01.02 06:30;2632.47;2632.47;2632.17;2632.28;34
2025.01.02 06:31;2632.38;2632.49;2632.34;2632.47;33
2025.01.02 06:32;2632.47;2632.88;2632.47;2632.76;28
2025.01.02 06:33;2632.79;2632.88;2632.48;2632.53;24
2025.01.02 06:34;2632.48;2632.53;2632.15;2632.47;45
2025.01.02 06:35;2632.44;2632.66;2632.25;2632.25;27
2025.01.02 06:36;2632.37;2632.37;2632.24;2632.26;17
2025.01.02 06:37;2632.26;2632.41;2632.19;2632.41;12
2025.01.02 06:38;2632.4;2632.46;2632.24;2632.42;18
2025.01.02 06:39;2632.43;2632.43;2632.16;2632.24;34
2025.01.02 06:40;2632.24;2632.37;2632.22;2632.3;18
2025.01.02 06:41;2632.31;2632.36;2632.07;2632.25;24
2025.01.02 06:42;2632.3;2632.56;2632.3;2632.51;23
2025.01.02 06:43;2632.49;2632.52;2632.26;2632.32;21
2025.01.02 06:44;2632.3;2632.54;2632.11;2632.18;35
2025.01.02 06:45;2632.18;2632.18;2631.1;2631.39;44
2025.01.02 06:46;2631.42;2631.96;2631.42;2631.7;55
2025.01.02 06:47;2631.61;2632.78;2631.36;2632.68;59
2025.01.02 06:48;2632.72;2632.76;2632.6;2632.6;31
2025.01.02 06:49;2632.61;2632.68;2632.56;2632.59;42
2025.01.02 06:50;2632.59;2632.74;2632.59;2632.7;35
2025.01.02 06:51;2632.75;2632.88;2632.72;2632.84;41
2025.01.02 06:52;2632.86;2633.22;2632.77;2633.2;31
2025.01.02 06:53;2633.2;2633.24;2633.11;2633.24;28
2025.01.02 06:54;2633.38;2633.93;2633.22;2633.85;46
2025.01.02 06:55;2633.86;2634.12;2633.81;2633.83;43
2025.01.02 06:56;2633.82;2634.2;2633.8;2634.19;54
2025.01.02 06:57;2634.18;2634.19;2633.62;2633.91;46
2025.01.02 06:58;2633.93;2634.16;2633.88;2634;59
2025.01.02 06:59;2634;2634.1;2633.96;2633.96;43
2025.01.02 07:00;2633.99;2634.16;2633.99;2634.16;47
2025.01.02 07:01;2634.19;2634.36;2634;2634.08;59
2025.01.02 07:02;2634.08;2634.34;2633.59;2633.59;50
2025.01.02 07:03;2633.58;2633.72;2633.58;2633.61;10
2025.01.02 07:04;2633.7;2633.71;2633.26;2633.26;18
2025.01.02 07:05;2633.14;2633.41;2633.06;2633.41;21
2025.01.02 07:06;2633.36;2633.56;2633.35;2633.49;33
2025.01.02 07:07;2633.48;2633.54;2633.4;2633.5;33
2025.01.02 07:08;2633.57;2633.64;2633.3;2633.6;41
2025.01.02 07:09;2633.65;2633.65;2633.31;2633.42;34
2025.01.02 07:10;2633.44;2633.92;2633.42;2633.83;32
2025.01.02 07:11;2633.83;2633.98;2633.78;2633.78;30
2025.01.02 07:12;2633.8;2633.86;2633.39;2633.42;34
2025.01.02 07:13;2633.42;2633.77;2633.19;2633.75;53
2025.01.02 07:14;2633.74;2633.74;2633.33;2633.41;37
2025.01.02 07:15;2633.42;2633.6;2633.39;2633.48;29
2025.01.02 07:16;2633.49;2633.73;2633.49;2633.71;42
2025.01.02 07:17;2633.73;2633.98;2633.68;2633.9;39
2025.01.02 07:18;2633.91;2634.3;2633.89;2634.28;36
2025.01.02 07:19;2634.28;2634.32;2634.17;2634.29;34
2025.01.02 07:20;2634.3;2634.32;2633.84;2634;52
2025.01.02 07:21;2634;2634.07;2633.94;2633.97;35
2025.01.02 07:22;2633.85;2633.97;2633.68;2633.95;47
2025.01.02 07:23;2633.91;2633.95;2633.72;2633.94;40
2025.01.02 07:24;2633.93;2634.32;2633.93;2634.29;40
2025.01.02 07:25;2634.33;2634.64;2634.33;2634.49;44
2025.01.02 07:26;2634.55;2634.55;2634.31;2634.51;47
2025.01.02 07:27;2634.51;2634.59;2634.4;2634.5;36
2025.01.02 07:28;2634.5;2634.93;2634.3;2634.84;52
2025.01.02 07:29;2634.86;2635.31;2634.86;2634.9;74
2025.01.02 07:30;2634.85;2635.69;2634.57;2635.55;87
2025.01.02 07:31;2635.63;2635.88;2635.28;2635.34;76
2025.01.02 07:32;2635.34;2635.49;2634.93;2635.05;74
2025.01.02 07:33;2635.04;2635.58;2634.97;2635.58;66
2025.01.02 07:34;2635.57;2635.62;2635.27;2635.39;58
2025.01.02 07:35;2635.4;2635.54;2634.98;2635.53;64
2025.01.02 07:36;2635.53;2635.9;2635.47;2635.51;58
2025.01.02 07:37;2635.31;2635.93;2635.22;2635.68;63
2025.01.02 07:38;2635.68;2635.85;2635.64;2635.78;53
2025.01.02 07:39;2635.77;2636.1;2635.59;2635.63;58
2025.01.02 07:40;2635.67;2636.32;2635.67;2636.26;58
2025.01.02 07:41;2636.3;2636.5;2635.95;2636.28;57
2025.01.02 07:42;2636.17;2636.31;2636.01;2636.02;57
2025.01.02 07:43;2636.04;2636.1;2635.64;2635.75;42
2025.01.02 07:44;2635.7;2635.72;2634.91;2634.93;70
2025.01.02 07:45;2634.95;2634.95;2634.27;2634.3;69
2025.01.02 07:46;2634.28;2634.63;2634.07;2634.49;69
2025.01.02 07:47;2634.44;2634.65;2634.28;2634.39;58
2025.01.02 07:48;2634.33;2634.65;2634.22;2634.57;56
2025.01.02 07:49;2634.6;2635.05;2634.45;2635.03;69
2025.01.02 07:50;2635;2635.35;2634.75;2634.84;59
2025.01.02 07:51;2634.84;2635.14;2634.67;2634.7;53
2025.01.02 07:52;2634.69;2635.1;2634.64;2634.76;75
2025.01.02 07:53;2634.74;2634.9;2634.52;2634.65;56
2025.01.02 07:54;2634.59;2634.7;2634.44;2634.45;63
2025.01.02 07:55;2634.47;2634.47;2634.22;2634.4;67
2025.01.02 07:56;2634.36;2634.57;2634.09;2634.42;59
2025.01.02 07:57;2634.43;2634.43;2634.1;2634.15;62
2025.01.02 07:58;2634.16;2634.31;2634.01;2634.22;49
2025.01.02 07:59;2634.22;2634.43;2634.03;2634.03;42
2025.01.02 08:00;2634.03;2634.03;2633.28;2633.47;85
2025.01.02 08:01;2633.44;2633.78;2633.04;2633.04;79
2025.01.02 08:02;2633.23;2633.23;2632.18;2632.19;69
2025.01.02 08:03;2632.2;2632.43;2631.89;2632.23;66
2025.01.02 08:04;2632.21;2632.68;2632.21;2632.55;63
2025.01.02 08:05;2632.58;2632.8;2632.48;2632.58;59
2025.01.02 08:06;2632.58;2632.59;2632.18;2632.44;73
2025.01.02 08:07;2632.44;2632.56;2632.02;2632.23;70
2025.01.02 08:08;2632.23;2632.37;2631.82;2631.86;65
2025.01.02 08:09;2631.85;2632.51;2631.85;2632.46;65
2025.01.02 08:10;2632.49;2632.91;2632.21;2632.24;50
2025.01.02 08:11;2632.22;2632.53;2632.2;2632.48;46
2025.01.02 08:12;2632.47;2632.52;2632.02;2632.07;39
2025.01.02 08:13;2632.05;2632.05;2631.69;2631.83;53
2025.01.02 08:14;2631.81;2631.83;2631.45;2631.74;53
2025.01.02 08:15;2631.72;2632.09;2631.57;2632;70
2025.01.02 08:16;2631.98;2632.02;2631.59;2631.76;55
2025.01.02 08:17;2631.74;2631.75;2631.15;2631.39;72
2025.01.02 08:18;2631.47;2632.18;2631.39;2632.04;51
2025.01.02 08:19;2632.08;2632.26;2631.86;2632.16;48
2025.01.02 08:20;2632.17;2632.3;2631.99;2632.08;51
2025.01.02 08:21;2632.08;2632.87;2631.96;2632.71;53
2025.01.02 08:22;2632.71;2633.04;2632.51;2633.02;59
2025.01.02 08:23;2633.05;2633.14;2632.87;2633;43
2025.01.02 08:24;2633.02;2633.04;2632.84;2632.94;32
2025.01.02 08:25;2633;2633.11;2632.94;2633.11;44
2025.01.02 08:26;2633.11;2634.01;2633.11;2633.97;56
2025.01.02 08:27;2633.92;2634.12;2633.91;2633.94;55
2025.01.02 08:28;2633.94;2634.45;2633.94;2634.18;54
2025.01.02 08:29;2634.07;2634.26;2634.02;2634.18;29
2025.01.02 08:30;2634.17;2634.37;2634.15;2634.33;45
2025.01.02 08:31;2634.33;2634.41;2634.01;2634.06;38
2025.01.02 08:32;2634.04;2634.07;2633.76;2633.78;70
2025.01.02 08:33;2633.79;2633.92;2633.75;2633.81;39
2025.01.02 08:34;2633.8;2633.88;2633.71;2633.77;39
2025.01.02 08:35;2633.77;2633.81;2633.41;2633.74;48
2025.01.02 08:36;2633.75;2633.85;2633.62;2633.79;58
2025.01.02 08:37;2633.8;2633.91;2633.71;2633.91;38
2025.01.02 08:38;2633.91;2633.91;2633.65;2633.72;44
2025.01.02 08:39;2633.74;2633.99;2633.68;2633.94;55
2025.01.02 08:40;2633.92;2634.43;2633.88;2634.4;49
2025.01.02 08:41;2634.39;2634.45;2634.02;2634.38;60
2025.01.02 08:42;2634.39;2634.7;2633.95;2633.95;64
2025.01.02 08:43;2634;2634.16;2633.83;2634.14;77
2025.01.02 08:44;2634.15;2634.22;2633.91;2634.11;79
2025.01.02 08:45;2634.14;2634.22;2634.05;2634.18;54
2025.01.02 08:46;2634.18;2635.43;2634.08;2634.84;67
2025.01.02 08:47;2634.83;2634.87;2634.15;2634.31;78
2025.01.02 08:48;2634.35;2634.47;2634.2;2634.23;64
2025.01.02 08:49;2634.22;2634.3;2633.77;2633.8;39
2025.01.02 08:50;2633.81;2633.82;2633.58;2633.69;33
2025.01.02 08:51;2633.72;2633.92;2633.59;2633.82;49
2025.01.02 08:52;2633.88;2634.53;2633.86;2634.5;66
2025.01.02 08:53;2634.46;2634.55;2634.28;2634.45;58
2025.01.02 08:54;2634.45;2634.49;2633.97;2634;73
2025.01.02 08:55;2634;2634.07;2633.82;2634;61
2025.01.02 08:56;2634.01;2634.07;2633.9;2634.06;50
2025.01.02 08:57;2634.07;2634.19;2633.88;2634.17;46
2025.01.02 08:58;2634.1;2634.66;2634.1;2634.49;69
2025.01.02 08:59;2634.49;2634.49;2634.06;2634.06;40
2025.01.02 09:00;2634.14;2634.14;2633.51;2633.72;82
2025.01.02 09:01;2633.72;2633.92;2633.61;2633.67;65
2025.01.02 09:02;2633.66;2633.74;2633.47;2633.69;46
2025.01.02 09:03;2633.7;2634;2633.6;2633.87;54
2025.01.02 09:04;2633.91;2634.24;2633.88;2634.24;64
2025.01.02 09:05;2634.22;2634.46;2634.13;2634.44;42
2025.01.02 09:06;2634.45;2635.01;2634.3;2634.31;46
2025.01.02 09:07;2634.33;2634.66;2634.2;2634.61;54
2025.01.02 09:08;2634.62;2634.75;2634.35;2634.41;51
2025.01.02 09:09;2634.42;2634.54;2634.24;2634.32;58
2025.01.02 09:10;2634.33;2634.89;2634.3;2634.65;41
2025.01.02 09:11;2634.59;2634.61;2634.25;2634.32;42
2025.01.02 09:12;2634.36;2634.57;2634.36;2634.54;37
2025.01.02 09:13;2634.55;2634.64;2634.36;2634.56;39
2025.01.02 09:14;2634.58;2634.58;2634.29;2634.41;43
2025.01.02 09:15;2634.38;2634.42;2633.61;2633.76;52
2025.01.02 09:16;2633.75;2633.98;2633.75;2633.92;45
2025.01.02 09:17;2633.92;2634.26;2633.9;2634.16;29
2025.01.02 09:18;2634.16;2634.23;2634.03;2634.03;24
2025.01.02 09:19;2634.11;2634.89;2634.11;2634.82;55
2025.01.02 09:20;2634.79;2634.8;2634.35;2634.72;57
2025.01.02 09:21;2634.71;2634.84;2634.59;2634.74;44
2025.01.02 09:22;2634.8;2635.12;2634.73;2634.83;55
2025.01.02 09:23;2634.82;2635.41;2634.82;2635.12;59
2025.01.02 09:24;2635.13;2635.53;2635.09;2635.52;57
2025.01.02 09:25;2635.49;2635.94;2635.48;2635.74;62
2025.01.02 09:26;2635.71;2636;2635.66;2635.82;53
2025.01.02 09:27;2635.8;2635.85;2634.9;2634.92;60
2025.01.02 09:28;2634.92;2634.92;2634.69;2634.85;57
2025.01.02 09:29;2634.85;2635.2;2634.33;2634.37;44
2025.01.02 09:30;2634.38;2634.38;2633.57;2633.81;66
2025.01.02 09:31;2633.73;2633.84;2633.61;2633.83;51
2025.01.02 09:32;2633.83;2634.01;2633.59;2633.74;43
2025.01.02 09:33;2633.72;2633.86;2633.51;2633.58;53
2025.01.02 09:34;2633.42;2633.61;2633.05;2633.29;77
2025.01.02 09:35;2633.28;2633.46;2633.08;2633.31;66
2025.01.02 09:36;2633.24;2633.95;2633.24;2633.95;53
2025.01.02 09:37;2633.94;2634.15;2633.87;2634.01;54
2025.01.02 09:38;2634.01;2634.19;2633.85;2634.19;40
2025.01.02 09:39;2634.19;2634.19;2633.48;2633.62;67
2025.01.02 09:40;2633.6;2633.6;2633.23;2633.38;36
2025.01.02 09:41;2633.38;2633.96;2633.22;2633.94;40
2025.01.02 09:42;2633.94;2634.03;2633.89;2633.98;40
2025.01.02 09:43;2633.99;2634.06;2633.81;2633.86;35
2025.01.02 09:44;2633.91;2633.99;2633.59;2633.61;38
2025.01.02 09:45;2633.66;2633.69;2633.17;2633.21;47
2025.01.02 09:46;2633.22;2633.47;2633.22;2633.4;50
2025.01.02 09:47;2633.39;2633.6;2632.96;2633.02;42
2025.01.02 09:48;2633.02;2633.42;2633.02;2633.23;57
2025.01.02 09:49;2633.22;2633.54;2633.22;2633.53;60
2025.01.02 09:50;2633.49;2633.9;2633.31;2633.87;39
2025.01.02 09:51;2633.88;2634.02;2633.48;2633.52;36
2025.01.02 09:52;2633.53;2634.02;2633.53;2633.98;48
2025.01.02 09:53;2633.94;2634.1;2633.72;2634.08;35
2025.01.02 09:54;2634.07;2634.71;2634.07;2634.62;55
2025.01.02 09:55;2634.63;2635.09;2634.62;2634.9;48
2025.01.02 09:56;2634.93;2634.99;2634.38;2634.72;55
2025.01.02 09:57;2634.71;2634.93;2634.69;2634.86;63
2025.01.02 09:58;2634.86;2635.5;2634.84;2635.44;67
2025.01.02 09:59;2635.46;2636;2635.24;2635.97;75
2025.01.02 10:00;2636.24;2636.4;2635.15;2635.57;79
2025.01.02 10:01;2635.46;2636.08;2635.42;2635.85;82
2025.01.02 10:02;2635.87;2636.32;2635.77;2636.12;77
2025.01.02 10:03;2636.13;2636.41;2635.93;2636.41;74
2025.01.02 10:04;2636.38;2636.38;2635.73;2635.92;70
2025.01.02 10:05;2636;2636.28;2635.84;2636.27;70
2025.01.02 10:06;2636.26;2636.5;2636.14;2636.27;78
2025.01.02 10:07;2636.23;2637.13;2636.23;2636.68;83
2025.01.02 10:08;2636.68;2636.68;2635.76;2635.76;67
2025.01.02 10:09;2635.77;2636.06;2635.28;2635.31;71
2025.01.02 10:10;2635.31;2635.51;2634.95;2634.97;84
2025.01.02 10:11;2634.97;2634.98;2633.96;2634.19;77
2025.01.02 10:12;2634.19;2634.97;2634.19;2634.91;67
2025.01.02 10:13;2634.85;2635.55;2634.85;2635.08;52
2025.01.02 10:14;2635.11;2635.21;2634.94;2635.16;52
2025.01.02 10:15;2635.17;2635.18;2634.47;2634.69;56
2025.01.02 10:16;2634.67;2634.73;2634.07;2634.08;69
2025.01.02 10:17;2634.08;2634.36;2633.68;2633.89;69
2025.01.02 10:18;2633.85;2634.69;2633.85;2634.65;75
2025.01.02 10:19;2634.64;2635.18;2634.28;2634.59;82
2025.01.02 10:20;2634.55;2634.68;2634.07;2634.21;63
2025.01.02 10:21;2634.08;2634.22;2633.64;2634.03;72
2025.01.02 10:22;2634.02;2634.18;2633.6;2633.62;74
2025.01.02 10:23;2633.83;2633.91;2632.68;2632.86;73
2025.01.02 10:24;2632.88;2633.11;2632.7;2632.75;72
2025.01.02 10:25;2632.6;2632.78;2632.2;2632.4;75
2025.01.02 10:26;2632.3;2632.77;2632.27;2632.31;68
2025.01.02 10:27;2632.25;2632.44;2631.25;2631.92;70
2025.01.02 10:28;2632.02;2633.15;2631.98;2632.9;57
2025.01.02 10:29;2632.98;2633.36;2632.59;2633.32;36
2025.01.02 10:30;2633.32;2633.36;2632.42;2632.7;58
2025.01.02 10:31;2632.7;2632.71;2631.43;2631.43;49
2025.01.02 10:32;2631.48;2632.38;2631.22;2632.27;61
2025.01.02 10:33;2632.27;2632.98;2632.23;2632.79;52
2025.01.02 10:34;2632.76;2633.95;2632.76;2633.86;34
2025.01.02 10:35;2633.83;2634.15;2633.59;2634.03;47
2025.01.02 10:36;2634.07;2634.07;2633.37;2633.44;44
2025.01.02 10:37;2633.39;2634.29;2633.39;2633.89;43
2025.01.02 10:38;2633.84;2634.2;2633.67;2634.1;40
2025.01.02 10:39;2634.1;2634.31;2633.84;2634.02;33
2025.01.02 10:40;2634.1;2634.13;2633.71;2634.07;32
2025.01.02 10:41;2634.14;2635.69;2634.09;2635.66;63
2025.01.02 10:42;2635.66;2636.79;2635.65;2636.79;84
2025.01.02 10:43;2636.75;2636.98;2636.53;2636.69;73
2025.01.02 10:44;2636.68;2636.96;2636.29;2636.3;56
2025.01.02 10:45;2636.29;2637.42;2636.15;2637.4;76
2025.01.02 10:46;2637.43;2637.6;2636.41;2636.5;61
2025.01.02 10:47;2636.5;2637.23;2636.31;2636.8;44
2025.01.02 10:48;2636.8;2637.84;2636.77;2637.81;53
2025.01.02 10:49;2637.73;2637.73;2635.79;2635.94;64
2025.01.02 10:50;2635.98;2636.1;2635.79;2635.89;60
2025.01.02 10:51;2635.86;2636.73;2635.84;2636.29;51
2025.01.02 10:52;2636.3;2636.39;2635.77;2635.84;42
2025.01.02 10:53;2635.9;2636.07;2635.38;2635.94;62
2025.01.02 10:54;2635.95;2636.04;2635.62;2635.76;45
2025.01.02 10:55;2635.76;2636.16;2635.58;2635.65;46
2025.01.02 10:56;2635.74;2636;2635.68;2635.97;50
2025.01.02 10:57;2636.21;2637.13;2636.05;2636.81;69
2025.01.02 10:58;2636.79;2636.8;2636.52;2636.63;60
2025.01.02 10:59;2636.53;2636.54;2635.81;2636.37;56
2025.01.02 11:00;2636.43;2637.52;2636.36;2637.39;67
2025.01.02 11:01;2637.39;2638.89;2637.27;2638.72;93
2025.01.02 11:02;2638.41;2639.83;2638.41;2639.38;86
2025.01.02 11:03;2639.39;2639.43;2638.45;2638.45;94
2025.01.02 11:04;2638.47;2638.83;2638.32;2638.54;79
2025.01.02 11:05;2638.28;2638.97;2638.22;2638.87;65
2025.01.02 11:06;2638.92;2639.47;2638.73;2638.73;85
2025.01.02 11:07;2638.67;2639.14;2638.59;2639;66
2025.01.02 11:08;2638.96;2639;2638.28;2638.98;56
2025.01.02 11:09;2638.98;2638.98;2638.09;2638.3;49
2025.01.02 11:10;2638.29;2639.05;2637.87;2638.9;69
2025.01.02 11:11;2638.89;2639.15;2638.14;2638.29;76
2025.01.02 11:12;2638.28;2638.28;2637.33;2637.56;65
2025.01.02 11:13;2637.55;2637.9;2637.39;2637.77;66
2025.01.02 11:14;2637.77;2638.34;2637.74;2638.22;61
2025.01.02 11:15;2638.2;2638.22;2637.82;2638.03;52
2025.01.02 11:16;2638.03;2638.35;2637.9;2638.29;44
2025.01.02 11:17;2638.4;2638.67;2638.25;2638.42;60
2025.01.02 11:18;2638.43;2638.56;2638.15;2638.34;50
2025.01.02 11:19;2638.31;2638.42;2637.93;2638.21;52
2025.01.02 11:20;2638.22;2638.33;2638.01;2638.01;43
2025.01.02 11:21;2638.05;2638.34;2637.69;2637.82;53
2025.01.02 11:22;2637.82;2638.33;2637.77;2637.87;62
2025.01.02 11:23;2637.84;2637.89;2637.36;2637.54;76
2025.01.02 11:24;2637.53;2637.76;2637.29;2637.45;78
2025.01.02 11:25;2637.45;2637.98;2637.44;2637.67;48
2025.01.02 11:26;2637.77;2638.06;2637.76;2637.94;47
2025.01.02 11:27;2638.04;2639.05;2637.74;2639.05;41
2025.01.02 11:28;2639.19;2639.97;2638.41;2638.68;63
2025.01.02 11:29;2638.68;2639.34;2637.35;2637.4;64
2025.01.02 11:30;2637.41;2637.82;2637.17;2637.65;53
2025.01.02 11:31;2637.67;2638.16;2637.57;2638.16;52
2025.01.02 11:32;2638.19;2638.27;2637.98;2638.22;57
2025.01.02 11:33;2638.13;2638.37;2637.84;2637.88;34
2025.01.02 11:34;2637.89;2637.92;2637.56;2637.89;61
2025.01.02 11:35;2637.84;2637.84;2636.79;2636.85;60
2025.01.02 11:36;2636.83;2636.94;2636.73;2636.78;58
2025.01.02 11:37;2636.84;2637.14;2636.82;2637.05;35
2025.01.02 11:38;2637.06;2637.06;2636.85;2636.86;35
2025.01.02 11:39;2636.86;2636.91;2636.66;2636.86;33
2025.01.02 11:40;2636.83;2637.63;2636.83;2637.47;75
2025.01.02 11:41;2637.51;2637.61;2636.81;2636.81;46
2025.01.02 11:42;2636.79;2637.15;2636.75;2636.92;66
2025.01.02 11:43;2636.96;2637.22;2636.75;2637.01;57
2025.01.02 11:44;2637.03;2637.25;2636.98;2637.14;44
2025.01.02 11:45;2637.19;2637.37;2637.1;2637.24;31
2025.01.02 11:46;2637.24;2637.3;2636.76;2636.76;30
2025.01.02 11:47;2636.71;2637.89;2636.55;2637.77;72
2025.01.02 11:48;2637.79;2637.83;2637.32;2637.39;44
2025.01.02 11:49;2637.39;2637.47;2637.17;2637.34;53
2025.01.02 11:50;2637.37;2637.63;2637.2;2637.43;47
2025.01.02 11:51;2637.48;2637.54;2636.94;2636.97;45
2025.01.02 11:52;2636.92;2637.21;2636.7;2636.7;53
2025.01.02 11:53;2636.66;2637.02;2636.37;2637.02;67
2025.01.02 11:54;2636.98;2637.09;2636.75;2636.8;58
2025.01.02 11:55;2636.79;2637.03;2636.67;2636.98;57
2025.01.02 11:56;2637.02;2637.38;2637.02;2637.13;50
2025.01.02 11:57;2637.11;2637.11;2636.53;2636.53;60
2025.01.02 11:58;2636.49;2636.66;2636.05;2636.34;73
2025.01.02 11:59;2636.26;2636.38;2636.03;2636.09;47
2025.01.02 12:00;2636.09;2636.1;2635.7;2635.74;55
2025.01.02 12:01;2635.74;2635.74;2634.84;2634.84;77
2025.01.02 12:02;2634.85;2634.89;2634.19;2634.2;82
2025.01.02 12:03;2634.19;2634.19;2633.7;2633.88;86
2025.01.02 12:04;2633.87;2633.94;2633.54;2633.65;76
2025.01.02 12:05;2633.64;2633.76;2633.53;2633.69;68
2025.01.02 12:06;2633.74;2633.78;2633.47;2633.63;60
2025.01.02 12:07;2633.64;2633.65;2633.37;2633.51;54
2025.01.02 12:08;2633.43;2633.49;2632.76;2633.16;84
2025.01.02 12:09;2633.16;2635.57;2633.11;2635.57;90
2025.01.02 12:10;2635.56;2636.52;2635.47;2636.49;75
2025.01.02 12:11;2636.51;2637.92;2636.49;2637.83;83
2025.01.02 12:12;2637.76;2638.95;2637.63;2638.15;79
2025.01.02 12:13;2638.18;2638.92;2637.91;2638.87;79
2025.01.02 12:14;2638.86;2639;2638.62;2638.97;75
2025.01.02 12:15;2638.97;2639.21;2638.42;2638.52;83
2025.01.02 12:16;2638.47;2638.78;2638.16;2638.61;60
2025.01.02 12:17;2638.62;2638.78;2638.38;2638.64;67
2025.01.02 12:18;2638.62;2641.31;2638.62;2641.31;82
2025.01.02 12:19;2641.33;2643.8;2641.28;2643.45;96
2025.01.02 12:20;2643.41;2643.54;2642.86;2643.37;83
2025.01.02 12:21;2643.32;2644.74;2643.11;2644.53;76
2025.01.02 12:22;2644.52;2645.87;2644.52;2645.15;96
2025.01.02 12:23;2645.36;2646.37;2644.91;2644.93;91
2025.01.02 12:24;2644.93;2645.52;2644.83;2645.43;94
2025.01.02 12:25;2645.42;2645.92;2645.35;2645.68;75
2025.01.02 12:26;2645.79;2646.13;2645.49;2645.76;83
2025.01.02 12:27;2645.78;2645.87;2644.61;2644.7;83
2025.01.02 12:28;2644.72;2645.27;2644.72;2644.8;81
2025.01.02 12:29;2644.77;2645.05;2644.46;2644.86;78
2025.01.02 12:30;2644.92;2645.54;2644.42;2644.42;73
2025.01.02 12:31;2644.44;2644.75;2643.89;2644.33;79
2025.01.02 12:32;2644.3;2644.58;2643.27;2643.35;72
2025.01.02 12:33;2643.43;2643.84;2643.2;2643.7;75
2025.01.02 12:34;2643.67;2644.09;2643.66;2643.93;67
2025.01.02 12:35;2643.9;2643.9;2643.14;2643.73;71
2025.01.02 12:36;2643.74;2644.42;2643.63;2644.42;55
2025.01.02 12:37;2644.47;2644.79;2643.84;2644.76;77
2025.01.02 12:38;2644.85;2645.61;2644.71;2644.72;81
2025.01.02 12:39;2644.72;2645.02;2644.08;2644.49;73
2025.01.02 12:40;2644.41;2644.87;2644.11;2644.11;64
2025.01.02 12:41;2644.12;2645.16;2644.12;2644.87;63
2025.01.02 12:42;2644.85;2645.28;2644.67;2645.18;70
2025.01.02 12:43;2645.14;2645.15;2644.06;2644.16;68
2025.01.02 12:44;2644.21;2644.38;2643.66;2644;74
2025.01.02 12:45;2643.94;2644;2642.84;2643.06;86
2025.01.02 12:46;2643.07;2643.6;2642.95;2643.42;86
2025.01.02 12:47;2643.45;2643.94;2643.07;2643.79;64
2025.01.02 12:48;2643.82;2644.11;2642.61;2642.61;68
2025.01.02 12:49;2642.62;2643.04;2642.33;2643.04;100
2025.01.02 12:50;2642.97;2643.79;2642.12;2642.14;94
2025.01.02 12:51;2642.12;2642.43;2641.79;2642.13;89
2025.01.02 12:52;2642.22;2642.24;2640.54;2641.16;83
2025.01.02 12:53;2641.1;2643.22;2640.8;2642.97;89
2025.01.02 12:54;2642.97;2643.23;2642.55;2642.77;82
2025.01.02 12:55;2642.65;2643.02;2642.12;2642.23;65
2025.01.02 12:56;2642.23;2642.37;2641.84;2642.37;45
2025.01.02 12:57;2642.4;2642.64;2642.14;2642.53;60
2025.01.02 12:58;2642.54;2642.71;2642.38;2642.41;51
2025.01.02 12:59;2642.42;2642.75;2642.22;2642.74;71
2025.01.02 13:00;2642.74;2643.4;2642.45;2643.14;65
2025.01.02 13:01;2643.15;2643.23;2642.53;2642.58;56
2025.01.02 13:02;2642.53;2642.85;2642.52;2642.78;54
2025.01.02 13:03;2642.76;2643.38;2642.76;2643.06;46
2025.01.02 13:04;2643.17;2643.61;2642.79;2643.14;43
2025.01.02 13:05;2643.14;2644.23;2643.14;2644.23;45
2025.01.02 13:06;2644.26;2644.36;2643.77;2643.9;76
2025.01.02 13:07;2643.91;2644.3;2643.56;2643.92;53
2025.01.02 13:08;2643.84;2644.13;2643.76;2644.13;33
2025.01.02 13:09;2644.28;2644.38;2643.84;2644.13;31
2025.01.02 13:10;2644.14;2644.6;2643.93;2644.6;59
2025.01.02 13:11;2644.61;2644.69;2644.25;2644.38;69
2025.01.02 13:12;2644.37;2644.68;2644.23;2644.47;67
2025.01.02 13:13;2644.47;2644.53;2643.82;2644.12;57
2025.01.02 13:14;2644.12;2644.4;2644.01;2644.26;69
2025.01.02 13:15;2644.27;2644.46;2644.05;2644.19;77
2025.01.02 13:16;2644.23;2644.43;2644.08;2644.13;77
2025.01.02 13:17;2644.13;2644.18;2643.79;2644.06;55
2025.01.02 13:18;2644.11;2644.45;2643.52;2643.67;58
2025.01.02 13:19;2643.68;2643.96;2642.95;2643.06;61
2025.01.02 13:20;2643.11;2643.58;2643.11;2643.58;53
2025.01.02 13:21;2643.53;2643.53;2642.6;2642.61;62
2025.01.02 13:22;2642.62;2642.76;2642.12;2642.13;57
2025.01.02 13:23;2642.08;2642.22;2641.83;2642.14;59
2025.01.02 13:24;2642.17;2642.43;2642.08;2642.19;59
2025.01.02 13:25;2641.99;2642.03;2640.64;2640.78;69
2025.01.02 13:26;2640.69;2641.02;2640.66;2640.97;42
2025.01.02 13:27;2640.99;2641.5;2640.77;2640.82;50
2025.01.02 13:28;2640.81;2641.89;2640.74;2641.77;60
2025.01.02 13:29;2641.81;2642.2;2641.69;2641.82;54
2025.01.02 13:30;2641.9;2642.09;2641.81;2641.81;49
2025.01.02 13:31;2641.76;2641.77;2641.26;2641.29;56
2025.01.02 13:32;2641.3;2641.31;2641;2641.03;59
2025.01.02 13:33;2641.03;2641.03;2640.33;2640.4;67
2025.01.02 13:34;2640.62;2641.21;2640.37;2640.92;60
2025.01.02 13:35;2640.9;2640.97;2640.46;2640.93;61
2025.01.02 13:36;2640.94;2641.09;2640.73;2641.09;48
2025.01.02 13:37;2641.12;2641.63;2641.11;2641.59;43
2025.01.02 13:38;2641.58;2641.76;2641.32;2641.41;51
2025.01.02 13:39;2641.41;2641.76;2641.32;2641.76;47
2025.01.02 13:40;2641.88;2641.98;2641;2641;56
2025.01.02 13:41;2641.09;2642.17;2640.94;2642.14;64
2025.01.02 13:42;2642.15;2642.66;2642.07;2642.59;58
2025.01.02 13:43;2642.61;2642.81;2642.36;2642.45;73
2025.01.02 13:44;2642.29;2642.61;2642.14;2642.14;59
2025.01.02 13:45;2642.16;2642.16;2641.46;2641.53;62
2025.01.02 13:46;2641.31;2641.6;2641.19;2641.56;48
2025.01.02 13:47;2641.54;2641.91;2641.48;2641.9;50
2025.01.02 13:48;2641.9;2642.33;2641.9;2642.22;54
2025.01.02 13:49;2642.19;2642.55;2642.07;2642.15;65
2025.01.02 13:50;2642.17;2642.23;2641.34;2641.64;56
2025.01.02 13:51;2641.61;2641.88;2641.26;2641.62;48
2025.01.02 13:52;2641.64;2641.64;2641.39;2641.47;39
2025.01.02 13:53;2641.48;2641.66;2641.26;2641.45;33
2025.01.02 13:54;2641.33;2641.92;2641.33;2641.92;45
2025.01.02 13:55;2641.88;2642.28;2641.88;2642.24;61
2025.01.02 13:56;2642.23;2642.23;2641.74;2641.82;59
2025.01.02 13:57;2641.85;2642.28;2641.71;2642.04;40
2025.01.02 13:58;2642.03;2642.09;2641.84;2641.96;43
2025.01.02 13:59;2641.79;2642.17;2641.75;2642.01;39
2025.01.02 14:00;2641.99;2642.71;2641.99;2642.71;54
2025.01.02 14:01;2642.83;2642.83;2641.66;2642.22;73
2025.01.02 14:02;2642.23;2642.27;2641.54;2641.82;78
2025.01.02 14:03;2641.81;2641.85;2641.59;2641.74;63
2025.01.02 14:04;2641.74;2641.76;2641.05;2641.27;58
2025.01.02 14:05;2641.25;2641.3;2640.83;2640.84;52
2025.01.02 14:06;2640.73;2641.39;2640.73;2641.26;57
2025.01.02 14:07;2641.26;2641.26;2640.51;2640.69;47
2025.01.02 14:08;2640.69;2640.84;2640.39;2640.47;52
2025.01.02 14:09;2640.45;2640.99;2640.43;2640.76;56
2025.01.02 14:10;2640.74;2641.04;2640.39;2640.77;68
2025.01.02 14:11;2640.78;2640.94;2640.63;2640.8;44
2025.01.02 14:12;2640.76;2640.88;2640.61;2640.85;60
2025.01.02 14:13;2640.73;2641.36;2640.73;2641.09;56
2025.01.02 14:14;2641.09;2641.1;2640.8;2641.03;50
2025.01.02 14:15;2640.97;2641.13;2640.65;2640.65;65
2025.01.02 14:16;2640.62;2641.22;2640.61;2641.02;58
2025.01.02 14:17;2641.03;2641.14;2640.87;2641.11;49
2025.01.02 14:18;2641.11;2641.68;2641.11;2641.5;58
2025.01.02 14:19;2641.51;2641.58;2641.21;2641.36;53
2025.01.02 14:20;2641.5;2641.58;2641.04;2641.2;52
2025.01.02 14:21;2641.2;2641.81;2641.12;2641.47;47
2025.01.02 14:22;2641.45;2641.74;2641.33;2641.33;50
2025.01.02 14:23;2641.33;2641.95;2641.31;2641.82;42
2025.01.02 14:24;2641.85;2642.04;2641.72;2642.01;57
2025.01.02 14:25;2642.05;2642.48;2642.05;2642.22;61
2025.01.02 14:26;2642.21;2642.27;2641.59;2641.64;46
2025.01.02 14:27;2641.66;2641.92;2641.56;2641.7;52
2025.01.02 14:28;2641.78;2642.65;2641.78;2642.54;74
2025.01.02 14:29;2642.56;2643.2;2642.45;2642.77;74
2025.01.02 14:30;2642.75;2642.92;2642.18;2642.67;73
2025.01.02 14:31;2642.68;2643.07;2642.59;2643.03;82
2025.01.02 14:32;2643.03;2644.1;2643.03;2643.99;73
2025.01.02 14:33;2644.08;2645.13;2643.84;2645.13;75
2025.01.02 14:34;2645.08;2645.26;2643.88;2643.88;85
2025.01.02 14:35;2643.92;2644.16;2643.46;2644.16;72
2025.01.02 14:36;2644.16;2645.19;2644.01;2644.86;89
2025.01.02 14:37;2644.85;2644.96;2644.15;2644.15;76
2025.01.02 14:38;2644.16;2644.28;2643.92;2644.22;66
2025.01.02 14:39;2644.23;2644.81;2643.94;2644.4;79
2025.01.02 14:40;2644.42;2644.42;2643.76;2643.96;67
2025.01.02 14:41;2643.96;2643.96;2643.35;2643.39;56
2025.01.02 14:42;2643.4;2643.95;2643.13;2643.79;58
2025.01.02 14:43;2643.75;2644.48;2643.7;2644.18;71
2025.01.02 14:44;2644.19;2644.38;2643.93;2644.23;86
2025.01.02 14:45;2644.3;2646.31;2644.21;2645.88;83
2025.01.02 14:46;2645.88;2646.45;2645.85;2646.38;79
2025.01.02 14:47;2646.29;2646.29;2645.51;2645.51;75
2025.01.02 14:48;2645.57;2645.73;2645.16;2645.71;59
2025.01.02 14:49;2645.75;2645.95;2645.5;2645.65;63
2025.01.02 14:50;2645.57;2645.57;2644.65;2644.68;70
2025.01.02 14:51;2644.7;2644.71;2644.23;2644.53;76
2025.01.02 14:52;2644.47;2645.04;2644.42;2644.98;68
2025.01.02 14:53;2645;2645.19;2644.71;2644.91;58
2025.01.02 14:54;2644.89;2645.33;2644.89;2645.22;65
2025.01.02 14:55;2645.09;2645.09;2644.1;2644.16;71
2025.01.02 14:56;2644.17;2644.27;2644.04;2644.1;84
2025.01.02 14:57;2644.21;2644.21;2643.42;2643.43;93
2025.01.02 14:58;2643.5;2643.6;2643.05;2643.06;82
2025.01.02 14:59;2643.02;2643.43;2642.85;2643.39;68
2025.01.02 15:00;2643.34;2643.34;2641.36;2641.86;106
2025.01.02 15:01;2641.9;2642.8;2640.99;2641.63;107
2025.01.02 15:02;2641.38;2641.81;2640.76;2641.71;103
2025.01.02 15:03;2641.66;2641.97;2641.28;2641.88;86
2025.01.02 15:04;2641.85;2642.16;2641.51;2641.84;99
2025.01.02 15:05;2641.8;2643.36;2641.8;2642.91;94
2025.01.02 15:06;2642.94;2643.29;2642.55;2642.76;88
2025.01.02 15:07;2642.84;2642.93;2642.22;2642.38;86
2025.01.02 15:08;2642.35;2642.35;2641.45;2641.83;99
2025.01.02 15:09;2641.84;2642.38;2641.8;2641.87;92
2025.01.02 15:10;2641.84;2642.37;2641.7;2641.74;83
2025.01.02 15:11;2641.89;2642.49;2641.74;2641.74;81
2025.01.02 15:12;2641.71;2641.71;2640.29;2640.29;97
2025.01.02 15:13;2640.29;2640.32;2638.42;2639.17;107
2025.01.02 15:14;2638.98;2639.6;2638.46;2638.51;101
2025.01.02 15:15;2638.61;2639.33;2638.4;2638.67;96
2025.01.02 15:16;2638.66;2638.89;2638.44;2638.89;87
2025.01.02 15:17;2638.95;2638.98;2638.19;2638.41;91
2025.01.02 15:18;2638.43;2638.57;2636.6;2636.97;93
2025.01.02 15:19;2637.1;2637.94;2636.98;2637.8;85
2025.01.02 15:20;2637.7;2637.7;2636.02;2636.56;104
2025.01.02 15:21;2636.6;2639;2636.6;2639;99
2025.01.02 15:22;2639.07;2639.34;2638.52;2638.68;86
2025.01.02 15:23;2638.61;2639.28;2638.55;2638.86;88
2025.01.02 15:24;2638.86;2638.86;2637.19;2637.53;107
2025.01.02 15:25;2637.54;2637.61;2636.85;2637.49;98
2025.01.02 15:26;2637.59;2637.59;2637.04;2637.34;88
2025.01.02 15:27;2637.32;2639.79;2637.32;2639.64;73
2025.01.02 15:28;2639.69;2640.46;2639.69;2640.45;63
2025.01.02 15:29;2640.46;2641.11;2640.45;2640.6;63
2025.01.02 15:30;2640.12;2640.46;2638.52;2638.52;88
2025.01.02 15:31;2638.41;2638.91;2637.46;2637.69;83
2025.01.02 15:32;2637.69;2640.56;2637.03;2640.56;85
2025.01.02 15:33;2640.55;2640.85;2639.83;2640.76;85
2025.01.02 15:34;2640.73;2640.96;2639.79;2640.24;99
2025.01.02 15:35;2640.33;2640.69;2639.25;2639.72;99
2025.01.02 15:36;2639.61;2639.92;2639.18;2639.78;95
2025.01.02 15:37;2639.6;2640.89;2639.6;2640.88;103
2025.01.02 15:38;2641.01;2641.08;2640.32;2640.73;99
2025.01.02 15:39;2640.72;2640.88;2639.15;2639.15;96
2025.01.02 15:40;2638.93;2639.7;2638.83;2639.45;90
2025.01.02 15:41;2639.32;2639.32;2638.7;2638.97;91
2025.01.02 15:42;2638.95;2639.24;2638.57;2638.72;82
2025.01.02 15:43;2638.75;2640.08;2638.73;2639.15;81
2025.01.02 15:44;2639.17;2639.6;2638.71;2639.15;90
2025.01.02 15:45;2639.12;2639.17;2638.19;2638.48;104
2025.01.02 15:46;2638.56;2639.56;2638.4;2639.22;98
2025.01.02 15:47;2639.26;2640.62;2639.06;2640.54;95
2025.01.02 15:48;2640.64;2641.67;2640.51;2641.67;87
2025.01.02 15:49;2641.68;2642.99;2641.64;2642.55;101
2025.01.02 15:50;2642.56;2644.1;2642.56;2644.05;101
2025.01.02 15:51;2644.09;2644.78;2643.62;2644.57;105
2025.01.02 15:52;2644.75;2644.97;2643.74;2644.43;98
2025.01.02 15:53;2644.43;2644.65;2643.9;2644.44;84
2025.01.02 15:54;2644.42;2645.57;2644.4;2645.35;108
2025.01.02 15:55;2645.36;2647.38;2645.36;2646.97;92
2025.01.02 15:56;2646.9;2647.2;2645.23;2645.29;95
2025.01.02 15:57;2645.24;2646.14;2644.8;2646.1;100
2025.01.02 15:58;2646.08;2646.29;2643.92;2643.92;95
2025.01.02 15:59;2643.9;2643.93;2642.88;2642.99;94
2025.01.02 16:00;2643.01;2644.86;2642.96;2643.84;100
2025.01.02 16:01;2643.64;2643.91;2640.71;2640.71;109
2025.01.02 16:02;2640.74;2642.78;2640.74;2642.02;103
2025.01.02 16:03;2641.78;2642.04;2640.37;2641.98;102
2025.01.02 16:04;2641.91;2642.1;2641.38;2641.63;91
2025.01.02 16:05;2641.61;2642.35;2641.59;2641.72;83
2025.01.02 16:06;2641.7;2642.08;2641.65;2641.8;78
2025.01.02 16:07;2641.8;2641.8;2640.57;2641.29;91
2025.01.02 16:08;2641.67;2641.67;2640.63;2641.27;81
2025.01.02 16:09;2641.34;2641.86;2640.98;2641.49;71
2025.01.02 16:10;2641.51;2643.05;2641.42;2642.9;70
2025.01.02 16:11;2642.87;2643.62;2642.84;2643.25;84
2025.01.02 16:12;2643.16;2644.54;2642.66;2644.44;85
2025.01.02 16:13;2644.24;2645.46;2643.46;2644.89;103
2025.01.02 16:14;2644.86;2646.92;2644.63;2646.92;94
2025.01.02 16:15;2646.9;2649.06;2646.8;2648.94;107
2025.01.02 16:16;2648.14;2649.09;2646.66;2647.1;107
2025.01.02 16:17;2647.16;2648.04;2646.53;2648.01;103
2025.01.02 16:18;2647.85;2647.85;2646.29;2646.34;93
2025.01.02 16:19;2646.35;2646.96;2646.2;2646.81;82
2025.01.02 16:20;2647.02;2647.96;2646.89;2647.91;83
2025.01.02 16:21;2647.81;2647.81;2646.66;2647.4;75
2025.01.02 16:22;2647.3;2647.72;2646.98;2647.44;84
2025.01.02 16:23;2647.44;2647.6;2646.4;2646.93;80
2025.01.02 16:24;2646.95;2646.99;2646.28;2646.48;71
2025.01.02 16:25;2646.42;2647.45;2646.2;2647.32;87
2025.01.02 16:26;2647.39;2647.57;2647.04;2647.36;79
2025.01.02 16:27;2647.36;2647.6;2646.61;2647.38;82
2025.01.02 16:28;2647.4;2647.47;2646.59;2646.78;72
2025.01.02 16:29;2646.84;2646.89;2646.14;2646.32;97
2025.01.02 16:30;2646.7;2649.03;2646.35;2648.99;112
2025.01.02 16:31;2648.92;2650.14;2648.79;2648.83;106
2025.01.02 16:32;2648.72;2649.37;2648.51;2648.78;101
2025.01.02 16:33;2648.83;2649.25;2647.87;2649.07;104
2025.01.02 16:34;2649.07;2649.47;2648.5;2648.6;98
2025.01.02 16:35;2648.66;2649.61;2647.6;2647.97;102
2025.01.02 16:36;2647.92;2648.01;2646.93;2646.96;99
2025.01.02 16:37;2646.96;2648.07;2646.38;2647.83;101
2025.01.02 16:38;2647.83;2649.1;2647.83;2648.53;103
2025.01.02 16:39;2648.56;2649.25;2648.06;2648.12;102
2025.01.02 16:40;2648.12;2648.91;2647.6;2648.02;103
2025.01.02 16:41;2648.09;2649.33;2647.99;2649.32;59
2025.01.02 16:42;2649.33;2649.63;2648.45;2649.13;75
2025.01.02 16:43;2648.91;2649.23;2648.22;2649.07;61
2025.01.02 16:44;2649.07;2649.43;2648.7;2648.7;61
2025.01.02 16:45;2648.64;2649.77;2648.5;2648.9;77
2025.01.02 16:46;2649.11;2650.6;2649.11;2650.44;85
2025.01.02 16:47;2650.45;2651.06;2649.84;2650.83;105
2025.01.02 16:48;2650.84;2650.86;2648.58;2648.6;98
2025.01.02 16:49;2648.82;2649.17;2647.96;2648.26;94
2025.01.02 16:50;2648.33;2648.89;2647.74;2647.74;106
2025.01.02 16:51;2647.61;2648.11;2646.95;2647.45;101
2025.01.02 16:52;2647.46;2648.58;2647.28;2648.58;78
2025.01.02 16:53;2648.59;2649.29;2648.52;2648.83;85
2025.01.02 16:54;2648.87;2649.11;2648.53;2648.95;95
2025.01.02 16:55;2649.03;2649.35;2648.13;2648.27;102
2025.01.02 16:56;2648.26;2648.58;2647.64;2648.49;89
2025.01.02 16:57;2648.55;2648.8;2648.05;2648.22;84
2025.01.02 16:58;2648.32;2648.35;2647.39;2647.39;73
2025.01.02 16:59;2647.49;2647.73;2646.9;2647.73;71
2025.01.02 17:00;2647.43;2648.75;2647.39;2648.41;100
2025.01.02 17:01;2648.42;2648.52;2646.54;2647.02;109
2025.01.02 17:02;2646.98;2647.7;2646.4;2646.44;105
2025.01.02 17:03;2646.48;2646.75;2645.2;2645.52;110
2025.01.02 17:04;2645.66;2647.59;2645.36;2647.59;100
2025.01.02 17:05;2647.78;2648.99;2647.72;2648.66;106
2025.01.02 17:06;2648.62;2649.48;2648.53;2648.66;100
2025.01.02 17:07;2648.59;2648.8;2647.24;2648.42;94
2025.01.02 17:08;2648.66;2649.37;2648.43;2649.24;92
2025.01.02 17:09;2649.42;2649.6;2648.5;2648.6;92
2025.01.02 17:10;2648.66;2648.66;2646.5;2646.68;106
2025.01.02 17:11;2646.9;2647.27;2646.54;2646.8;102
2025.01.02 17:12;2646.94;2647.71;2646.81;2647.01;93
2025.01.02 17:13;2647.05;2649.02;2646.77;2648.77;97
2025.01.02 17:14;2648.79;2648.84;2648.17;2648.6;83
2025.01.02 17:15;2648.66;2649.25;2648.54;2648.73;97
2025.01.02 17:16;2649.08;2649.51;2648.87;2649.3;98
2025.01.02 17:17;2649.31;2649.52;2649.15;2649.4;87
2025.01.02 17:18;2649.41;2649.44;2647.98;2648.01;80
2025.01.02 17:19;2647.83;2648.66;2647.83;2648.63;74
2025.01.02 17:20;2648.62;2648.62;2648.19;2648.48;83
2025.01.02 17:21;2648.46;2648.49;2647.56;2648.41;89
2025.01.02 17:22;2648.35;2648.7;2647.9;2648.03;81
2025.01.02 17:23;2648.03;2649.07;2647.58;2649;93
2025.01.02 17:24;2648.97;2649.16;2648.72;2648.96;76
2025.01.02 17:25;2648.95;2649.19;2648.55;2648.71;81
2025.01.02 17:26;2648.52;2649.16;2648.38;2649.1;79
2025.01.02 17:27;2649.1;2649.58;2647.89;2648.15;88
2025.01.02 17:28;2648.1;2648.18;2647.63;2648.04;102
2025.01.02 17:29;2648.12;2648.92;2648.06;2648.79;98
2025.01.02 17:30;2648.53;2649.34;2648.44;2648.85;90
2025.01.02 17:31;2648.85;2649.97;2648.8;2649.84;99
2025.01.02 17:32;2649.8;2650.86;2649.74;2650.41;99
2025.01.02 17:33;2650.42;2651.03;2650.42;2650.99;100
2025.01.02 17:34;2650.98;2652.85;2650.9;2652.23;96
2025.01.02 17:35;2652.21;2652.44;2651.32;2652.25;101
2025.01.02 17:36;2652.22;2652.68;2651.83;2652.28;106
2025.01.02 17:37;2652.41;2653.45;2652.34;2653.23;97
2025.01.02 17:38;2653.18;2653.54;2653.01;2653.08;98
